{
  "hybrid_moe_ms": {
    "mean": 40.35766124725342,
    "median": 37.18423843383789,
    "std": 9.140410632963146,
    "min": 33.197879791259766,
    "max": 58.69412422180176
  },
  "zeroshot_256_ms": {
    "mean": 6993.405747413635,
    "median": 6976.247668266296,
    "std": 52.747553395452954
  },
  "cot_256_ms": {
    "mean": 7015.231668949127,
    "median": 6999.380707740784,
    "std": 78.05641797809612
  },
  "zeroshot_512_ms": {
    "mean": 14029.381024837494,
    "median": 14001.066446304321,
    "std": 98.65355393770409
  },
  "speedup_256": 173.2857041583295,
  "speedup_512": 347.6262149802419,
  "n": 20
}